{
    "name"        : "MUC",
    "symbol"                  : "MUC",
    "external_url"            : "https://matr.world/img/mucs",
    "description" : "Matr Utility Commanders",
    "baseUri"     : "https://matr.world/assets/muc",
    "seller_fee_basis_points" : 1000,
    "creators"                : [
        {
            "address" : "3s7soQb51ebRy2u8f8QTMmJio4yfwXHoXYwRMSTYRFi7",
            "share"   : 100
        }
    ],
    "artwork" : [
        {
            "count"  : 10,
            "attributes" : [
                {
                    "directory" : "Background"
                },
                {
                    "directory" : "Suit"
                },
                {
                    "directory" : "Helmet"
                }
            ]
        }
    ]
}
